,LINK_ID,Source,Target,LANES,ROAD_RANK,ROAD_TYPE,ROAD_NO,ROAD_NAME,ROAD_USE,MULTI_LINK,CONNECT,MAX_SPD,REST_VEH,REST_W,REST_H,LENGTH,REMARK
54,1010000602,0,1,2,104,0,-,소월로2길,0,0,0,50,0,0,0,143.8008,
53,1010000502,1,0,2,104,0,-,소월로2길,0,0,0,50,0,0,0,145.9752,
55,1010000603,1,-100,2,104,0,-,소월로2길,0,0,0,50,0,0,0,102.2821,
707,1010051000,1,2,1,104,0,-,후암로58길,0,0,0,50,0,0,0,199.1891,
706,1010050900,2,1,1,104,0,-,후암로58길,0,0,0,50,0,0,0,181.0211,
6,1010001602,3,34,4,104,0,-,동호로,0,0,0,60,0,0,0,213.0121,
26,1010053400,3,24,4,104,0,-,동호로,0,0,0,60,0,0,0,127.4427,
76,1010001800,3,95,2,104,0,-,다산로,0,0,0,60,0,0,0,665.398,
710,1010051300,3,-100,2,104,0,-,다산로,0,0,0,60,0,0,0,990.0763,
49,1,4,29,2,104,0,-,장충단로,0,0,0,60,0,0,0,62.0814,
71,1010001400,4,64,3,104,0,-,장충단로,0,0,0,60,0,0,0,459.0724,
490,172,4,32,1,104,0,-,녹사평대로58길,1,0,0,40,0,0,0,70.6246,
56,1010000701,5,27,4,104,0,-,소파로,1,0,0,50,0,0,0,423.0783,
90,1010002401,5,70,2,104,0,-,소월로,0,0,0,50,0,32000,0,355.3087,
105,1010002801,6,46,2,104,0,-,소공로,0,0,0,30,0,0,420,203.2841,
483,162,6,-100,2,104,4,-,녹사평대로,0,0,0,60,0,0,0,317.457,
79,1010002001,7,50,4,104,0,-,통일로,0,0,0,50,0,0,0,98.9071,
110,1010003001,7,44,5,104,0,-,세종대로,0,0,0,50,0,0,0,66.4464,
733,1010054200,7,289,5,104,0,-,한강대로,0,0,0,50,0,0,0,102.0767,
712,1010051500,8,-100,2,104,4,-,삼일대로,0,0,0,60,0,0,410,854.5361,
730,1010053900,8,36,2,104,0,-,삼일대로,0,0,0,60,0,0,420,108.0957,
218,1010007902,9,147,4,104,0,-,창경궁로,0,0,0,50,0,0,0,146.6828,
256,1010009402,9,171,1,104,0,-,마른내로,0,0,0,30,0,0,0,225.9106,
266,62,9,182,1,104,0,-,마른내로,0,0,0,30,0,0,0,363.0596,
316,84,9,235,3,104,0,-,창경궁로,1,0,0,50,0,0,0,258.2461,
261,57,10,172,1,104,0,-,마른내로,0,0,0,30,0,0,0,262.9094,
277,67,10,180,1,104,0,-,마른내로,0,0,0,30,0,0,0,205.0759,
319,1010013001,10,11,1,104,0,-,수표로,0,0,0,30,0,0,0,112.9789,
604,292,10,132,1,104,0,-,수표로,0,0,0,30,0,0,0,309.4955,
318,1010012902,11,10,1,104,0,-,수표로,0,0,0,30,0,0,0,113.5916,
320,1010013002,11,227,1,104,0,-,수표로,0,0,0,30,0,0,0,43.114,
279,68,12,187,1,104,0,-,덕수궁길,1,0,0,30,0,0,0,367.7413,
367,101,12,262,1,104,0,-,정동길,0,0,0,30,0,0,0,518.5331,
429,126,12,274,1,104,0,-,덕수궁길,0,0,0,30,0,0,0,498.4888,
619,307,12,144,1,104,0,-,서소문로11길,0,0,0,30,0,0,0,315.1804,
312,81,13,191,3,104,0,-,을지로,0,0,0,50,0,0,0,122.3477,
339,1010014001,13,213,3,104,0,-,을지로,0,0,0,50,0,0,0,56.4458,
369,103,13,14,2,104,0,-,무교로,0,0,0,30,0,0,0,112.4644,
368,102,14,13,2,104,0,-,무교로,1,0,0,30,0,0,0,110.0943,
395,113,14,15,3,104,0,-,세종대로20길,0,0,0,30,0,0,0,184.9513,
425,1010017601,14,271,2,104,0,-,무교로,0,0,0,30,0,0,0,222.0966,
334,1010013700,15,187,6,104,0,-,세종대로,0,0,0,50,0,0,0,234.2372,
394,112,15,14,3,104,0,-,세종대로20길,1,0,0,30,0,0,0,182.2914,
434,130,15,-100,5,104,0,-,세종대로,0,0,0,50,0,0,0,219.2663,
449,1010018901,16,252,1,104,0,-,마장로1길,0,0,0,40,0,0,0,136.2712,
461,145,16,278,2,104,0,-,청계천로,0,0,0,30,0,0,0,326.504,
481,159,17,26,1,104,0,-,남산공원길,0,0,0,20,0,0,0,3380.2143,
716,1010051900,17,-100,1,104,0,-,남산공원길,0,0,0,20,0,0,0,108.8466,
719,1010052200,17,18,1,104,0,-,-,0,0,0,40,0,0,0,201.9553,
51,3,18,4,2,104,0,-,장충단로,0,0,0,60,0,0,0,544.1992,
714,1010051700,18,-100,2,104,0,-,장충단로,0,0,0,60,0,0,0,196.6005,도로명없음
720,1010052300,18,17,1,104,0,-,-,0,0,0,40,0,0,0,222.6493,
718,1010052100,19,-100,2,104,4,-,동호로,0,0,0,60,0,0,400,152.3425,
721,1010052400,19,23,2,104,0,-,동호로,0,0,0,60,0,0,450,121.5256,도로명없음
469,1010020401,20,-100,1,104,0,-,동호로5길,0,0,0,40,0,0,0,393.9163,
471,154,20,21,1,104,0,-,동호로,0,0,0,30,0,0,0,62.9451,
474,1010020800,20,23,1,104,0,-,동호로5길,0,0,0,40,0,0,0,67.4841,
722,1010052500,21,19,2,104,0,-,동호로,0,0,0,60,0,0,450,48.3,
494,176,22,74,1,104,0,-,필동로,0,0,0,40,0,0,0,810.5976,
21,1010052700,23,25,4,104,0,-,동호로,0,0,0,60,0,0,0,54.8983,
28,164,23,34,4,104,1,-,동호로,0,0,0,60,0,0,0,484.001,
470,1010020402,23,20,1,104,0,-,동호로5길,0,0,0,40,0,0,0,69.3582,
723,1010052600,23,21,2,104,0,-,동호로,0,0,0,60,0,0,0,73.2255,
24,1010053000,24,25,4,104,0,-,동호로,0,0,0,60,0,0,0,88.7295,
25,1010053300,24,3,4,104,0,-,동호로,0,0,0,60,0,0,0,127.4427,
701,1010050400,24,305,2,104,0,-,동호로10길,0,0,0,30,0,0,0,199.1995,
22,1010052800,25,23,4,104,0,-,동호로,0,0,0,60,0,0,0,54.8983,
23,1010052900,25,24,4,104,0,-,동호로,0,0,0,60,0,0,0,88.7295,
703,1010050600,25,306,1,104,0,-,다산로10길,0,0,0,30,0,0,0,79.226,
60,1010001101,26,27,1,104,0,-,소파로,0,0,0,40,0,0,0,177.4933,
65,1010001202,26,39,1,104,0,-,소파로,0,0,0,40,0,0,0,318.794,
475,158,26,17,1,104,0,-,남산공원길,0,0,0,20,0,0,0,3383.2989,
57,1010000801,27,5,4,104,0,-,소파로,0,0,0,50,0,0,0,437.5363,
64,1010001201,27,26,1,104,0,-,소파로,0,0,0,40,0,0,0,185.3448,
725,1010053200,27,-100,3,104,0,-,소월로3길,1,0,0,50,0,0,0,269.3077,
50,2,29,18,2,104,0,-,장충단로,0,0,0,60,0,0,0,479.4215,
473,157,30,-100,1,104,4,-,녹사평대로58길,0,0,0,40,0,0,0,1118.9466,
486,168,30,31,1,104,0,-,녹사평대로58길,0,0,0,40,0,0,0,59.7407,
488,170,31,29,1,104,0,-,장충단로,0,0,0,60,0,0,0,65.8666,
489,1010022400,31,4,1,104,0,-,녹사평대로58길,0,0,0,40,0,0,0,67.8073,
487,169,32,30,1,104,0,-,녹사평대로58길,0,0,0,40,0,0,0,59.7407,
68,1010001301,33,4,3,104,0,-,장충단로,0,0,0,60,0,0,0,56.8877,
491,174,33,32,1,104,0,-,녹사평대로58길,0,0,0,40,0,0,0,109.0323,
20,1010001501,34,3,4,104,0,-,동호로,0,0,0,60,0,0,0,213.0121,
27,163,34,23,4,104,1,-,동호로,0,0,0,60,0,0,0,484.1643,
73,1010001603,34,63,4,104,0,-,동호로,0,0,0,60,0,0,0,371.5307,
492,1010022900,35,28,1,104,0,-,만리재로,0,0,0,40,0,0,0,212.3906,
120,1010003401,36,86,2,104,0,-,삼일대로,0,0,0,60,0,0,0,227.2727,
502,1010024701,36,37,1,104,0,-,퇴계로26길,0,0,0,30,0,0,0,672.6793,
731,1010054000,36,8,3,104,0,-,삼일대로,0,0,0,60,0,0,420,109.6789,
46,1010048800,37,40,2,104,0,-,소파로,0,0,0,50,0,0,0,140.2846,
501,1010024602,37,36,1,104,0,-,퇴계로26길,0,0,0,30,0,0,0,738.0735,
503,1010024702,37,84,1,104,0,-,퇴계로26길,0,0,0,30,0,0,0,72.4999,
99,1010002605,38,291,3,104,0,-,퇴계로,0,0,0,50,0,0,0,49.955,
477,1010023400,38,44,5,104,0,-,세종대로,0,0,0,50,0,0,0,161.7698,
61,1010001102,39,26,1,104,0,-,소파로,0,0,0,40,0,0,0,316.2564,
66,1010001204,39,40,1,104,0,-,소파로,0,0,0,30,0,0,420,498.4227,
499,190,39,109,1,104,0,-,퇴계로18길,1,0,0,30,0,0,0,590.9944,
45,1010048700,40,37,2,104,0,-,소파로,0,0,0,50,0,0,0,140.2845,
63,1010001105,40,39,1,104,0,-,소파로,0,0,0,30,0,0,420,490.6712,
67,1010001205,40,93,1,104,0,-,소파로,0,0,0,30,0,0,0,47.2024,
58,6,41,45,1,104,1,-,-,0,0,0,60,0,0,0,542.8097,
497,186,42,57,1,104,0,-,서울역고가차도.청파로,0,0,104,40,0,0,0,190.9241,
732,1010054100,42,28,1,104,0,-,만리재로,0,0,0,50,0,0,0,329.398,도로명없음
81,1010002101,43,309,3,104,0,-,청파로,0,0,0,60,0,0,0,83.6121,
86,1010002202,43,57,3,104,0,-,청파로,0,0,0,60,0,0,0,113.9021,
117,1010003205,43,49,1,104,0,-,중림로,0,0,0,40,0,0,0,57.8292,
478,179,43,35,1,104,0,-,만리재로,0,0,0,50,0,0,0,54.3093,
111,1010003002,44,89,5,104,0,-,세종대로,0,0,0,50,0,0,0,415.8555,
59,7,45,42,1,104,1,-,-,0,0,0,60,0,0,0,531.341,
95,1010002507,45,291,3,104,0,-,퇴계로,0,0,0,50,0,0,0,124.4456,
101,1010002607,45,88,3,104,0,-,퇴계로,0,0,0,50,0,0,480,599.8722,도로명없음
102,1010002701,46,6,2,104,0,-,소공로,0,0,0,30,0,0,420,207.0961,
106,1010002802,46,85,4,104,0,-,소공로,0,0,0,60,0,0,0,313.8581,
112,1010003103,47,43,1,104,0,-,중림로,0,0,0,40,0,0,0,57.5894,
479,180,47,35,1,104,0,-,만리재로,0,0,0,50,0,0,0,90.8643,
77,1010001901,48,7,4,104,0,-,통일로,0,0,0,50,0,0,0,106.9718,
480,182,48,289,4,104,0,-,통일로,0,0,0,50,0,0,0,187.6323,
116,1010003204,49,67,1,104,0,-,중림로,0,0,0,30,0,0,0,434.7091,
80,1010002002,50,62,4,104,0,-,통일로,0,0,0,50,0,0,0,54.2104,
107,1010002901,51,7,4,104,0,-,세종대로,0,0,0,50,0,0,0,70.8934,
496,185,51,50,4,104,0,-,통일로,0,0,0,50,0,0,0,102.2526,
82,1010002102,52,43,3,104,0,-,청파로,0,0,0,60,0,0,0,47.6228,
495,184,52,49,1,104,0,-,청파로.중림로.연결길,0,0,0,30,0,0,0,73.418,
538,1010029001,53,54,1,104,0,-,다산로36길,0,0,0,30,0,0,0,648.787,
735,1010054400,53,-100,1,104,0,-,청구로,0,0,0,40,0,0,0,84.11,
736,1010054500,53,56,2,104,0,-,청구로,0,0,0,40,0,0,0,366.6428,
537,1010028902,54,53,1,104,0,-,다산로36길,0,0,0,30,0,0,0,623.5135,
539,1010029002,54,150,1,104,0,-,다산로36길,0,0,0,30,0,0,0,213.7636,
694,1010049600,54,302,1,104,0,-,다산로34길,0,0,0,30,0,0,0,97.603,
739,1010054800,55,56,2,104,0,-,청구로,0,0,0,40,0,0,0,228.5895,
740,1010054900,55,95,2,104,0,-,청구로,0,0,0,40,0,0,0,106.5736,
762,1010048000,55,303,1,104,0,-,청구로4길,0,0,0,30,0,0,0,132.4644,
737,1010054600,56,53,2,104,0,-,청구로,0,0,0,40,0,0,0,344.4173,
738,1010054700,56,55,2,104,0,-,청구로,0,0,0,40,0,0,0,215.4867,
764,1010048200,56,304,1,104,0,-,청구로1길,0,0,0,40,0,0,0,119.0714,
87,1010002203,57,60,3,104,0,-,청파로,0,0,0,60,0,0,0,60.1136,
31,1010002004,58,78,4,104,0,-,통일로,0,0,0,40,0,0,0,128.0427,
505,192,58,79,1,104,0,-,세종대로5길,1,0,0,30,0,0,0,268.8419,
69,1010001302,59,33,3,104,0,-,장충단로,0,0,0,60,0,0,0,351.2132,
88,1010002204,60,66,3,104,0,-,청파로,0,0,0,60,0,0,0,90.902,
507,194,60,69,3,104,0,-,칠패로,0,0,0,60,0,0,0,92.8073,
126,1010003701,61,64,3,104,0,-,동호로,0,0,0,60,0,0,0,65.5347,
504,1010024800,61,59,1,104,0,-,장충단로,0,0,0,60,0,0,0,71.152,
30,1010002003,62,58,4,104,0,-,통일로,0,0,0,40,0,0,410,37.7149,
36,202,62,107,2,104,1,-,통일로,0,0,0,40,0,0,0,325.2263,
78,1010001902,62,48,4,104,0,-,통일로,0,0,0,50,0,0,0,56.7997,
74,1010001604,63,64,4,104,0,-,동호로,0,0,0,60,0,0,0,84.2065,
509,195,63,83,2,104,0,-,장충단로,0,0,0,60,0,0,0,155.4959,
70,1010001303,64,59,3,104,0,-,장충단로,0,0,0,60,0,0,0,45.8607,
72,1010001502,64,34,4,104,0,-,동호로,0,0,0,60,0,0,0,444.2298,
131,1010003801,64,65,3,104,0,-,동호로,0,0,0,60,0,0,0,65.5347,
167,1010005401,64,83,3,104,0,-,장충단로,0,0,0,60,0,0,0,100.6118,
132,1010003802,65,77,3,104,0,-,동호로,0,0,0,60,0,0,0,243.2305,
84,1010002103,66,52,3,104,0,-,청파로,0,0,0,60,0,0,0,203.7856,
124,1010003602,66,69,3,104,0,-,칠패로,0,0,0,60,0,0,0,46.0334,
141,1010004201,66,76,3,104,0,-,청파로,0,0,0,60,0,0,0,59.6658,
114,1010003106,67,47,1,104,0,-,중림로,0,0,0,30,0,0,0,428.3946,
115,1010003203,67,68,1,104,0,-,중림로,0,0,0,60,0,0,0,34.5786,
508,1010025200,67,71,1,104,0,-,서소문로,0,0,0,50,0,0,0,34.4269,
113,1010003105,68,67,1,104,0,-,중림로,0,0,0,60,0,0,0,34.5787,
125,1010003603,69,78,3,104,0,-,칠패로,0,0,0,60,0,32000,0,183.7305,
91,1010002402,70,89,4,104,0,-,소월로,0,0,0,50,0,0,0,178.4598,
515,209,70,97,3,104,0,-,남대문로,0,0,0,50,0,0,0,184.7438,
108,1010002902,72,51,4,104,0,-,세종대로,0,0,0,50,0,0,0,207.4069,
122,1010003501,73,66,3,104,0,-,칠패로,0,0,0,60,0,0,0,51.9498,
511,197,73,76,2,104,0,-,청파로,0,0,0,60,0,0,0,81.3814,
530,226,73,122,1,104,0,-,서소문로8길,0,0,0,30,0,0,0,267.3359,
465,207,74,94,1,104,0,-,필동로,0,0,0,40,0,0,0,66.7192,
493,175,74,22,1,104,0,-,필동로,0,0,0,40,0,0,0,808.8423,
544,1010029500,74,137,1,104,0,-,서애로,0,0,0,30,0,0,0,376.5715,
96,1010002508,75,45,3,104,0,-,퇴계로,0,0,0,50,0,0,480,470.9873,
540,1010029201,75,293,2,104,0,-,남대문시장10길,0,0,0,50,0,0,0,126.4454,
142,1010004202,76,-100,3,104,0,-,청파로,0,0,0,60,0,3500,360,221.6103,
127,1010003702,77,61,3,104,0,-,동호로,0,0,0,60,0,0,0,261.4659,
133,1010003803,77,139,4,104,0,-,동호로,0,0,0,60,0,0,480,301.6655,
560,249,77,145,1,104,0,-,퇴계로50길,0,0,0,10,0,0,0,461.4812,
29,1010001903,78,62,4,104,0,-,통일로,0,0,0,40,0,0,0,165.0889,
33,1010004401,78,287,4,104,0,-,통일로,0,0,0,40,0,0,0,144.2876,
123,1010003503,78,73,3,104,0,-,칠패로,0,0,0,60,0,32000,0,184.4691,
138,1010004001,78,80,1,104,0,-,칠패로,0,0,0,50,0,0,0,132.2812,
506,193,79,58,1,104,0,-,세종대로5길,0,0,0,30,0,0,0,266.8458,
512,200,79,72,4,104,0,-,세종대로,0,0,0,50,0,0,0,34.7128,
136,1010003901,80,78,4,104,0,-,칠패로,0,0,0,50,0,0,0,132.2812,
139,1010004002,80,87,1,104,0,-,칠패로,0,0,0,50,0,0,0,94.9237,
528,224,80,120,1,104,0,-,통일로2길.칠패로사이길,0,0,0,30,0,0,0,192.597,
103,1010002702,81,46,3,104,0,-,소공로,0,0,0,60,0,0,420,309.9417,
163,1010005301,82,64,3,104,0,-,장충단로,0,0,0,60,0,0,0,101.8669,
510,196,82,65,1,104,0,-,동호로24길,0,0,0,10,0,0,0,108.2033,
168,1010005402,83,134,3,104,0,-,장충단로,0,0,0,60,0,0,0,243.5037,
500,1010024601,84,37,1,104,0,-,퇴계로26길,0,0,0,30,0,0,0,73.0503,
519,215,84,96,1,104,0,-,퇴계로26길,0,0,0,30,0,0,0,35.344,
83,1010002803,85,98,4,104,0,-,소공로,0,0,0,50,0,0,0,57.9139,
522,218,85,100,3,104,0,-,퇴계로,0,0,0,50,0,0,0,87.9294,
121,1010003402,86,119,2,104,0,-,삼일대로,0,0,0,60,0,0,0,415.9848,
521,217,86,96,1,104,0,-,삼일대로2길,0,0,0,60,0,0,0,253.5101,
137,1010003902,87,80,3,104,0,-,칠패로,0,0,0,50,0,0,0,93.7272,
514,1010026600,87,79,4,104,0,-,세종대로,0,0,0,50,0,0,0,56.6924,
553,241,87,121,1,104,0,-,세종대로7길,0,0,0,30,0,0,0,233.2558,
97,1010002603,88,98,3,104,0,-,퇴계로,0,0,0,50,0,0,0,70.3324,
517,211,88,81,4,104,0,-,소공로,0,0,0,50,0,0,0,76.8041,
89,1010002301,89,5,1,104,0,-,소월로,0,0,0,50,0,32000,0,531.729,
161,1010005201,89,97,3,104,0,-,남대문로,0,0,0,50,0,0,0,79.7906,
175,1010005901,89,104,4,104,0,-,세종대로,0,0,0,50,0,0,0,61.0641,
179,24,89,106,5,104,0,-,세종대로,0,0,0,50,0,0,0,47.8379,
118,1010003301,90,36,3,104,0,-,삼일대로,0,0,0,60,0,0,0,393.9307,
516,210,91,84,1,104,0,-,소파로,0,0,0,30,0,0,0,69.6892,
520,216,91,90,1,104,0,-,소파로,0,0,0,30,0,0,0,134.1202,
92,1010002504,92,75,3,104,0,-,퇴계로,0,0,0,50,0,0,0,127.6535,
62,1010001104,93,40,1,104,0,-,소파로,0,0,0,30,0,0,0,45.5902,
518,213,93,84,2,104,0,-,소파로,0,0,0,30,0,0,0,158.2746,
523,219,93,90,1,104,0,-,소파로,0,0,0,30,0,0,0,234.9623,
513,1010026400,94,74,1,104,0,-,필동로,0,0,0,40,0,0,0,68.5838,
532,228,94,114,1,104,0,-,퇴계로36길,0,0,0,30,0,0,0,275.6955,
557,245,94,123,1,104,0,-,필동로,0,0,0,40,0,0,0,168.9935,
75,1010001702,95,3,2,104,0,-,다산로,0,0,0,60,0,0,0,665.5348,
186,1010006201,95,101,1,104,0,-,청구로,0,0,0,30,0,0,0,80.3851,
195,1010006801,95,150,2,104,0,-,다산로,0,0,0,60,0,0,0,351.1914,
741,1010055000,95,55,2,104,0,-,청구로,0,0,0,40,0,0,0,106.612,
542,234,96,117,1,104,0,-,삼일대로2길,0,0,0,60,0,0,0,181.4809,
543,1010029400,96,116,1,104,0,-,퇴계로26길,0,0,0,30,0,0,0,112.8224,
162,1010005202,97,127,3,104,0,-,남대문로,0,0,0,50,0,0,0,451.243,
93,1010002505,98,92,3,104,0,-,퇴계로,0,0,0,50,0,0,0,70.0084,
104,1010002703,98,81,4,104,0,-,소공로,0,0,0,50,0,0,0,57.4784,
148,1010004601,98,100,3,104,0,-,퇴계로,0,0,0,50,0,0,0,63.7486,
156,1010005001,98,113,4,104,0,-,소공로,0,0,0,50,0,0,0,64.4892,
159,1010005101,99,89,2,104,0,-,남대문로,0,0,0,50,0,0,0,74.0844,
533,229,99,106,2,104,0,-,남대문로,0,0,0,50,0,0,0,83.5194,
149,1010004602,100,109,3,104,0,-,퇴계로,0,0,0,50,0,0,0,272.6438,
183,1010006101,101,95,1,104,0,-,청구로,0,0,0,30,0,0,0,80.3851,
187,1010006202,101,131,1,104,0,-,청구로,0,0,0,30,0,0,0,292.354,
575,1010033100,101,157,1,104,0,-,청구로8길,0,0,0,10,0,0,0,383.4352,
524,220,102,91,2,104,0,-,소파로,0,0,0,30,0,0,0,130.9771,
555,1010030500,102,93,1,104,0,-,소파로,0,0,0,30,0,0,0,80.4385,
525,221,103,92,3,104,0,-,퇴계로,0,0,0,50,0,0,0,74.6005,
550,1010030002,103,293,1,104,0,-,남대문시장길,1,0,0,50,0,0,0,147.8001,
109,1010002903,104,72,4,104,0,-,세종대로,0,0,0,50,0,0,0,153.7741,
526,222,104,87,3,104,0,-,칠패로,0,0,0,50,0,0,0,113.4222,
547,237,104,115,1,104,0,-,세종대로9길,0,0,0,30,0,0,0,124.7342,
145,1010004501,105,98,3,104,0,-,퇴계로,0,0,0,50,0,0,0,68.6617,
548,238,105,113,4,104,0,-,소공로,0,0,0,50,0,0,0,90.6103,
180,25,106,125,5,104,0,-,세종대로,0,0,0,50,0,0,0,99.8386,
32,1010004301,107,78,4,104,0,-,통일로,0,0,0,40,0,0,0,156.6463,
35,201,107,62,2,104,1,-,통일로,0,0,0,40,0,0,0,321.702,
144,1010004403,107,130,4,104,0,-,통일로,0,0,0,50,0,0,0,151.8747,
19,26,108,140,2,104,1,-,서소문로,0,0,0,50,0,20000,0,550.8067,
146,1010004502,109,105,3,104,0,-,퇴계로,0,0,0,50,0,0,0,273.1138,
150,1010004603,109,111,3,104,0,-,퇴계로,0,0,0,50,0,0,0,89.6421,
498,189,109,39,1,104,0,-,퇴계로18길,0,0,0,30,0,0,0,615.5879,
153,1010004901,110,98,4,104,0,-,소공로,0,0,0,50,0,0,0,64.4893,
551,240,110,103,4,104,0,-,소공로,0,0,0,50,0,0,0,31.8924,
38,1010004604,111,112,2,104,0,-,퇴계로,0,0,0,50,0,0,0,26.8765,
43,246,111,116,2,104,2,-,퇴계로,0,0,0,50,0,0,410,329.3544,
147,1010004503,111,109,3,104,0,-,퇴계로,0,0,0,50,0,0,0,89.6421,
564,254,111,124,1,104,0,-,퇴계로,0,0,0,30,0,0,0,86.6413,
39,1010004605,112,119,2,104,0,-,퇴계로,0,0,0,50,0,0,0,171.5749,
536,1010031000,112,102,2,104,0,-,소파로,0,0,0,30,0,0,0,113.0278,
157,1010005002,113,118,4,104,0,-,소공로,0,0,0,50,0,0,0,27.5349,
152,1010004802,114,116,2,104,0,-,퇴계로,0,0,0,50,0,0,0,240.0712,
173,1010005601,114,123,2,104,0,-,퇴계로,0,0,0,50,0,0,0,254.9949,
191,1010006601,114,143,3,104,0,-,충무로,0,0,0,50,0,0,0,176.1653,
531,227,114,94,1,104,0,-,퇴계로36길,1,0,0,30,0,0,0,286.6967,
554,242,115,104,1,104,0,-,세종대로9길,0,0,0,30,0,0,0,123.3136,
567,257,115,133,1,104,0,-,서소문로12길,0,0,0,30,0,0,0,137.9081,
572,262,115,121,1,104,0,-,세종대로9길,0,0,0,30,0,0,0,195.6572,
42,1010004801,116,119,2,104,0,-,퇴계로,0,0,0,50,0,0,0,135.7432,
44,247,116,111,2,104,2,-,퇴계로,0,0,0,50,0,0,410,332.6201,
151,1010004703,116,114,3,104,0,-,퇴계로,0,0,0,50,0,0,0,242.2102,
570,259,116,132,1,104,0,-,수표로,0,0,0,30,0,0,0,106.6439,
41,1010004702,117,116,1,104,0,-,퇴계로,0,0,0,50,0,0,0,59.5387,
154,1010004902,118,110,4,104,0,-,소공로,0,0,0,50,0,0,0,27.5349,
158,1010005003,118,127,4,104,0,-,소공로,0,0,0,50,0,0,0,87.8799,
565,255,118,124,1,104,0,-,명동8나길,1,0,0,30,0,0,0,454.6461,
37,1010004505,119,111,1,104,0,-,퇴계로,0,0,0,50,0,0,0,198.4514,
40,1010004701,119,117,1,104,0,-,퇴계로,0,0,0,50,0,0,0,70.157,
119,1010003302,119,90,2,104,0,-,삼일대로,0,0,0,60,0,0,0,248.8603,
215,1010007801,119,129,3,104,0,-,삼일대로,0,0,0,50,0,0,0,82.4778,
546,236,119,93,1,104,0,-,소파로,0,0,0,30,0,0,0,141.3203,
527,223,120,80,1,104,0,-,통일로2길.칠패로사이길,0,0,0,30,0,0,0,191.3836,
535,1010030900,120,287,2,104,0,-,통일로2길,0,0,0,30,0,0,0,110.7855,
561,1010031600,120,121,2,104,0,-,통일로2길,0,0,0,30,0,0,0,59.4302,
552,1010030200,121,87,1,104,0,-,세종대로7길,0,0,0,30,0,0,0,233.8927,
562,250,121,120,2,104,0,-,통일로2길,0,0,0,30,0,0,0,66.6155,
571,261,121,115,1,104,0,-,세종대로9길,0,0,0,30,0,0,0,181.7291,
582,269,121,288,1,104,0,-,세종대로7길,0,0,0,30,0,0,0,133.9294,
7,1010005701,122,-100,2,104,0,-,서소문로,0,0,0,50,0,0,320,61.0727,
11,1010005802,122,128,2,104,0,-,서소문로,0,0,0,50,0,0,450,68.144,
529,225,122,73,1,104,0,-,서소문로8길,0,0,0,30,0,0,0,266.1479,
171,1010005501,123,114,3,104,0,-,퇴계로,0,0,0,50,0,0,0,253.1681,
174,1010005602,123,137,2,104,0,-,퇴계로,0,0,0,50,0,0,0,233.9195,
556,243,123,94,1,104,0,-,필동로,0,0,0,40,0,0,0,168.4858,
563,251,124,111,1,104,0,-,퇴계로,0,0,0,30,0,0,0,88.4617,
566,256,124,118,1,104,0,-,명동8나길,0,0,0,30,0,0,0,455.6809,
573,263,124,129,1,104,0,-,명동8가길,1,0,0,30,0,0,0,200.7634,
176,1010005902,125,89,4,104,0,-,세종대로,0,0,0,50,0,0,0,147.6766,
181,1010006004,125,126,5,104,0,-,세종대로,0,0,0,50,0,0,0,85.1257,
580,267,125,133,2,104,0,-,세종대로11길,0,0,0,30,0,0,0,122.7518,
178,1010005905,126,125,4,104,0,-,세종대로,0,0,0,50,0,0,0,85.1257,
182,1010006005,126,165,5,104,0,-,세종대로,0,0,0,50,0,0,0,166.5888,
686,1010048600,126,296,1,104,0,-,세종대로,0,0,0,40,0,0,0,73.6423,
155,1010004903,127,118,4,104,0,-,소공로,0,0,0,50,0,0,0,89.3056,
160,1010005102,127,99,2,104,0,-,남대문로,0,0,0,50,0,0,0,448.2941,
204,1010007200,127,160,3,104,0,-,남대문로,0,0,0,50,0,0,0,216.2626,
212,33,127,166,4,104,0,-,소공로,0,0,0,50,0,0,0,281.5168,
8,1010005702,128,122,2,104,0,-,서소문로,0,0,0,50,0,0,450,68.144,
12,1010005803,128,130,2,104,0,-,서소문로,0,0,0,50,0,0,0,69.5632,
213,1010007701,129,119,2,104,0,-,삼일대로,0,0,0,50,0,0,0,82.4778,
216,1010007802,129,180,3,104,0,-,삼일대로,0,0,0,50,0,0,0,312.7645,
574,264,129,124,1,104,0,-,명동8가길,0,0,0,30,0,0,0,200.7634,
577,1010033300,129,132,1,104,0,-,삼일대로4길,0,0,0,30,0,0,0,130.5045,
9,1010005703,130,128,2,104,0,-,서소문로,0,0,0,50,0,0,0,69.5632,
15,1010007401,130,135,3,104,0,-,서소문로,0,0,0,50,0,0,0,43.6012,
143,1010004303,130,107,4,104,0,-,통일로,0,0,0,50,0,0,0,150.8053,
245,1010009001,130,149,4,104,0,-,통일로,0,0,0,50,0,0,0,135.7257,
184,1010006102,131,101,1,104,0,-,청구로,0,0,0,30,0,0,0,302.373,
188,1010006203,131,185,1,104,0,-,청구로,0,0,0,30,0,0,0,301.6559,
584,272,131,134,1,104,0,-,장충단로8길,0,0,0,30,0,0,0,355.9364,
569,258,132,116,1,104,0,-,수표로,0,0,0,30,0,0,0,104.3155,
578,265,132,129,1,104,0,-,삼일대로4길,1,0,0,30,0,0,0,130.5045,
605,293,132,10,1,104,0,-,수표로,0,0,0,30,0,0,0,310.3857,
568,1010032300,133,115,1,104,0,-,서소문로12길,0,0,0,30,0,0,0,138.1461,
579,266,133,125,2,104,0,-,세종대로11길,0,0,0,30,0,0,0,120.9231,
592,280,133,151,1,104,0,-,서소문로12길,0,0,0,30,0,0,0,130.3645,
164,1010005302,134,82,3,104,0,-,장충단로,0,0,0,60,0,0,0,249.5562,
169,1010005403,134,163,3,104,0,-,장충단로,0,0,0,60,0,0,0,193.5365,
583,271,134,131,1,104,0,-,장충단로8길,0,0,0,30,0,0,0,361.8413,
588,276,134,139,1,104,0,-,장충단로7길,0,0,0,30,0,0,0,356.5998,
13,1010007301,135,130,3,104,0,-,서소문로,0,0,0,50,0,0,0,43.6012,
16,1010007407,135,288,3,104,0,-,서소문로,0,0,0,50,0,0,0,120.8131,
599,1010035601,135,136,1,104,0,-,서소문로9길,0,0,0,30,0,0,0,157.3339,
598,1010035502,136,135,1,104,0,-,서소문로9길,0,0,0,30,0,0,0,144.3894,
600,1010035602,136,149,1,104,0,-,서소문로9길,0,0,0,30,0,0,0,93.5525,
690,1010049200,136,295,1,104,0,-,서소문로9길,0,0,0,30,0,0,0,52.7304,
172,1010005502,137,123,3,104,0,-,퇴계로,0,0,0,50,0,0,0,233.8989,
200,1010007001,137,145,3,104,0,-,퇴계로,0,0,0,50,0,0,0,244.4648,
219,37,137,147,4,104,0,-,창경궁로,1,0,0,50,0,0,0,83.9445,
545,235,137,74,1,104,0,-,서애로,0,0,0,30,0,0,0,369.3136,
586,274,138,143,1,104,0,-,충무로2길,1,0,0,10,0,0,0,256.967,
589,277,138,147,1,104,0,-,창경궁로1길,0,0,0,30,0,0,0,235.2681,
128,1010003703,139,77,4,104,0,-,동호로,0,0,0,60,0,0,480,301.6655,
134,1010003804,139,142,4,104,0,-,동호로,0,0,0,50,0,0,0,22.5511,
587,275,139,134,1,104,0,-,장충단로7길,0,0,0,30,0,0,0,346.1405,
14,1010007302,140,135,3,104,0,-,서소문로,0,0,0,50,0,0,0,152.8243,
18,1010006300,140,108,2,104,1,-,서소문로,0,0,0,50,0,20000,0,556.3424,
208,1010007403,140,144,3,104,0,-,서소문로,0,0,0,50,0,0,0,115.7202,
129,1010003704,141,139,4,104,0,-,동호로,0,0,0,50,0,0,0,22.551,
135,1010003805,142,152,4,104,0,-,동호로,0,0,0,50,0,0,0,65.0322,
594,282,142,153,3,104,0,-,퇴계로,0,0,0,50,0,0,0,93.6196,
189,1010006501,143,114,3,104,0,-,충무로,1,0,0,50,0,0,0,175.6792,
192,1010006602,143,172,3,104,0,-,충무로,0,0,0,50,0,0,0,188.4078,
585,273,143,138,1,104,0,-,충무로2길,0,0,0,10,0,0,0,260.9696,
205,1010007303,144,140,3,104,0,-,서소문로,0,0,0,50,0,0,0,115.7202,
209,1010007404,144,151,3,104,0,-,서소문로,0,0,0,50,0,0,0,105.7112,
618,306,144,12,1,104,0,-,서소문로11길,1,0,0,30,0,0,0,299.8343,
197,1010006901,145,137,2,104,0,-,퇴계로,0,0,0,50,0,0,0,244.1752,
201,1010007002,145,146,3,104,0,-,퇴계로,0,0,0,50,0,0,0,63.081,
559,248,145,77,1,104,0,-,퇴계로50길,0,0,0,10,0,0,0,483.168,
596,284,145,147,1,104,0,-,퇴계로49길,0,0,0,30,0,0,0,250.7785,
202,1010007003,146,152,3,104,0,-,퇴계로,0,0,0,50,0,0,0,63.0921,
593,281,146,141,3,104,0,-,동호로,0,0,0,50,0,0,0,77.5077,
217,1010007901,147,137,4,104,0,-,창경궁로,0,0,0,50,0,0,0,83.9446,
220,1010008002,147,9,4,104,0,-,창경궁로,1,0,0,50,0,0,0,146.6827,
590,278,147,138,1,104,0,-,창경궁로1길,1,0,0,30,0,0,0,231.5741,
595,283,147,145,1,104,0,-,퇴계로49길,1,0,0,30,0,0,0,248.7966,
198,1010006902,148,145,2,104,0,-,퇴계로,0,0,0,50,0,0,0,63.0811,
239,1010008901,149,130,3,104,0,-,통일로,0,0,0,50,0,0,0,135.7257,
246,1010009002,149,154,4,104,0,-,통일로,0,0,0,50,0,0,0,27.9114,
597,1010035501,149,136,1,104,0,-,서소문로9길,0,0,0,30,0,0,0,80.3029,
193,1010006701,150,95,2,104,0,-,다산로,0,0,0,60,0,0,0,351.1678,
196,1010006802,150,197,3,104,0,-,다산로,0,0,0,60,0,0,0,260.8012,
534,1010028901,150,54,1,104,0,-,다산로36길,0,0,0,30,0,0,0,212.7165,
602,288,150,157,1,104,0,-,다산로35길,0,0,0,10,0,0,0,54.0049,
206,1010007304,151,144,3,104,0,-,서소문로,0,0,0,50,0,0,0,104.5483,
210,1010007405,151,165,3,104,0,-,서소문로,0,0,0,50,0,0,0,262.425,
591,279,151,133,1,104,0,-,서소문로12길,0,0,0,30,0,0,0,126.2609,
130,1010003705,152,141,4,104,0,-,동호로,0,0,0,50,0,0,0,65.0323,
199,1010006903,152,148,2,104,0,-,퇴계로,0,0,0,50,0,0,0,63.092,
224,40,152,153,3,104,0,-,퇴계로,0,0,0,50,0,0,0,62.5127,
237,1010008801,152,159,4,104,0,-,동호로,0,0,0,50,0,0,0,61.5368,
225,1010008202,153,167,3,104,0,-,퇴계로,0,0,0,50,0,0,0,297.4485,
240,1010008902,154,149,3,104,0,-,통일로,0,0,0,50,0,0,0,27.9114,
247,1010009003,154,177,4,104,0,-,통일로,0,0,0,50,0,0,0,151.7234,
607,1010036601,154,155,1,104,0,-,통일로4길,0,0,0,30,0,0,0,67.8926,
608,1010036602,155,184,1,104,0,-,통일로4길,0,0,0,30,0,0,0,86.517,
610,1010036702,155,154,1,104,0,-,통일로4길,0,0,0,30,0,0,0,63.8518,
688,1010049000,155,295,1,104,0,-,서소문로9길,0,0,0,30,0,0,0,69.3202,
221,1010008101,156,152,2,104,0,-,퇴계로,0,0,0,50,0,0,0,62.5126,
606,294,156,159,4,104,0,-,동호로,0,0,0,50,0,0,0,75.7022,
576,1010033200,157,101,1,104,0,-,청구로8길,0,0,0,10,0,0,0,374.5228,
601,287,157,150,1,104,0,-,다산로35길,0,0,0,10,0,0,0,52.1588,
616,303,157,192,1,104,0,-,다산로35길,0,0,0,10,0,0,0,227.7516,
620,308,157,194,1,104,0,-,퇴계로76길,0,0,0,40,0,0,0,214.756,
235,1010008701,158,152,3,104,0,-,동호로,0,0,0,50,0,0,0,61.5368,
603,291,158,148,2,104,0,-,퇴계로,0,0,0,50,0,0,0,90.9078,
238,1010008802,159,182,4,104,0,-,동호로,0,0,0,50,0,0,0,95.5289,
203,30,160,127,3,104,0,-,남대문로,0,0,0,50,0,0,0,214.2645,
233,1010008601,160,161,1,104,0,-,명동길,0,0,0,30,0,0,0,361.8047,
252,49,160,166,1,104,0,-,남대문로7길,0,0,0,30,0,0,0,248.7728,
285,1010011401,160,202,3,104,0,-,남대문로,0,0,0,50,0,0,0,200.7451,
232,1010008502,161,160,1,104,0,-,명동길,1,0,0,30,0,0,0,354.2669,
234,1010008602,161,180,1,104,0,-,명동길,0,0,0,30,0,0,0,154.5175,
683,1010047200,161,297,1,104,0,-,명동11길,0,0,0,50,0,0,0,137.9611,
227,1010008301,162,165,4,104,0,-,세종대로18길,1,0,0,30,0,0,0,79.3669,
230,1010008402,162,166,4,104,0,-,세종대로18길,0,0,0,30,0,0,0,146.5385,
613,300,162,176,2,104,0,-,남대문로1길,1,0,0,40,0,0,0,73.0595,
170,1010005404,163,169,3,104,0,-,장충단로,0,0,0,60,0,0,0,54.6326,
612,299,163,170,3,104,0,-,퇴계로,0,0,0,50,0,0,0,82.3163,
165,1010005303,164,134,3,104,0,-,장충단로,0,0,0,60,0,0,0,192.6559,
177,1010005904,165,126,4,104,0,-,세종대로,0,0,0,50,0,0,0,166.3244,
207,1010007305,165,151,3,104,0,-,서소문로,0,0,0,50,0,0,0,268.2212,
229,1010008401,165,162,4,104,0,-,세종대로18길,0,0,0,30,0,0,0,79.3669,
264,60,165,187,5,104,0,-,세종대로,0,0,0,50,0,0,0,105.4487,
211,1010007500,166,127,4,104,0,-,소공로,0,0,0,50,0,0,0,279.9215,
228,1010008302,166,162,4,104,0,-,세종대로18길,1,0,0,30,0,0,0,141.8028,
251,48,166,160,1,104,0,-,남대문로7길,1,0,0,30,0,0,0,246.0653,
259,54,166,178,4,104,0,-,소공로,0,0,0,50,0,0,0,83.8212,
226,1010008203,167,169,3,104,0,-,퇴계로,0,0,0,50,0,0,0,62.4728,
611,298,167,164,4,104,0,-,장충단로,0,0,0,50,0,0,0,60.0073,
222,1010008102,168,156,2,104,0,-,퇴계로,0,0,0,50,0,0,0,298.2193,
166,1010005304,169,164,3,104,0,-,장충단로,0,0,0,60,0,0,0,52.5482,
223,1010008103,169,168,2,104,0,-,퇴계로,0,0,0,50,0,0,0,62.1828,
270,1010010401,169,170,3,104,0,-,퇴계로,0,0,0,50,0,0,0,51.8061,
302,1010012001,169,183,4,104,0,-,장충단로,0,0,0,50,0,0,0,58.1092,
272,1010010402,170,179,3,104,0,-,퇴계로,0,0,0,50,0,0,0,206.3196,
254,1010009302,171,9,1,104,0,-,마른내로,0,0,0,30,0,0,0,225.8972,
255,1010009401,171,172,1,104,0,-,마른내로,0,0,0,30,0,0,0,259.7466,
190,1010006502,172,143,3,104,0,-,충무로,1,0,0,50,0,0,0,189.3093,
253,1010009301,172,171,1,104,0,-,마른내로,0,0,0,30,0,0,0,259.3185,
262,58,172,10,1,104,0,-,마른내로,0,0,0,30,0,0,0,260.5951,
307,79,172,230,3,104,0,-,충무로,0,0,0,50,0,0,0,224.0215,
267,1010010301,173,169,2,104,0,-,퇴계로,0,0,0,50,0,0,0,50.0976,
622,1010038000,173,183,4,104,0,-,장충단로,0,0,0,50,0,0,0,62.7272,
617,305,174,168,2,104,0,-,퇴계로,0,0,0,50,0,0,0,47.908,
276,1010010601,175,182,1,104,0,-,마른내로,0,0,0,30,0,0,0,371.9267,
614,301,176,162,2,104,0,-,남대문로1길,0,0,0,40,0,0,0,73.0595,
623,1010038200,176,178,2,104,0,-,소공로,1,0,0,50,0,0,0,70.934,
629,1010039000,176,187,2,104,0,-,소공로,0,0,0,50,0,0,0,95.3994,
241,1010008903,177,154,3,104,0,-,통일로,0,0,0,50,0,0,0,151.7234,
248,1010009004,177,193,4,104,0,-,통일로,0,0,0,50,0,0,0,87.3317,
625,1010038500,177,184,1,104,0,-,통일로.통일로4길사이길,0,0,0,30,0,0,0,75.6966,
257,1010009501,178,166,4,104,0,-,소공로,0,0,0,50,0,0,0,83.8212,
260,55,178,191,4,104,0,-,소공로,0,0,0,50,0,0,0,53.121,
624,1010038300,178,176,2,104,0,-,소공로,0,0,0,50,0,0,0,66.5358,
185,1010006103,179,131,1,104,0,-,청구로,0,0,0,30,0,0,0,291.67,
273,1010010403,179,185,3,104,0,-,퇴계로,0,0,0,50,0,0,0,40.5784,
214,1010007702,180,129,2,104,0,-,삼일대로,0,0,0,50,0,0,0,311.2449,
231,1010008501,180,161,1,104,0,-,명동길,1,0,0,30,0,0,0,166.6907,
278,1010010802,180,10,1,104,0,-,마른내로,0,0,0,30,0,0,0,204.5311,
310,1010012401,180,181,3,104,0,-,삼일대로,0,0,0,50,0,0,0,87.1704,
309,1010012302,181,180,2,104,0,-,삼일대로,0,0,0,50,0,0,0,89.5291,
311,1010012402,181,224,3,104,0,-,삼일대로,0,0,0,50,0,0,0,91.005,
699,1010050100,181,11,1,104,0,-,삼일대로10길,0,0,0,30,0,0,0,230.8822,
708,1010051100,181,297,1,104,0,-,명동13길,0,0,0,30,0,0,0,144.6585,
236,1010008702,182,158,3,104,0,-,동호로,0,0,0,50,0,0,0,95.529,
265,61,182,9,1,104,0,-,마른내로,0,0,0,30,0,0,0,362.8,
275,1010010501,182,174,1,104,0,-,마른내로,0,0,0,30,0,0,0,368.5125,
333,1010013601,182,245,4,104,0,-,동호로,0,0,0,50,0,0,0,248.1255,
303,1010012002,183,199,4,104,0,-,장충단로,0,0,0,50,0,0,0,74.3188,
609,1010036701,184,155,1,104,0,-,통일로4길,0,0,0,30,0,0,0,84.6305,
626,1010038600,184,177,1,104,0,-,통일로.통일로4길사이길,0,0,0,30,0,0,0,75.6966,
632,1010039500,184,208,1,104,0,-,통일로4길,0,0,0,30,0,0,0,135.9478,
274,1010010404,185,189,3,104,0,-,퇴계로,0,0,0,50,0,0,0,82.791,
298,1010011901,186,169,4,104,0,-,장충단로,0,0,0,50,0,0,0,58.462,
627,1010038700,186,175,1,104,0,-,마른내로,0,0,0,30,0,0,0,70.974,
263,1010009902,187,165,6,104,0,-,세종대로,0,0,0,50,0,0,0,103.443,
280,69,187,12,1,104,0,-,덕수궁길,0,0,0,30,0,0,0,358.708,
281,70,187,191,4,104,0,-,소공로,0,0,0,50,0,0,0,116.5786,
335,89,187,15,5,104,0,-,세종대로,0,0,0,50,0,0,0,235.6296,
628,1010038900,187,176,2,104,0,-,소공로,1,0,0,50,0,0,0,105.4946,
268,1010010302,188,173,3,104,0,-,퇴계로,0,0,0,50,0,0,0,246.6594,
269,1010010303,189,188,3,104,0,-,퇴계로,0,0,0,50,0,0,0,82.1411,
289,1010011602,189,200,3,104,0,-,을지로,0,0,0,50,0,0,0,155.311,
294,1010011801,189,190,3,104,0,-,퇴계로,0,0,0,60,0,0,0,84.5442,
290,1010011701,190,189,3,104,0,-,퇴계로,0,0,0,60,0,0,0,84.5575,
295,1010011802,190,192,3,104,0,-,퇴계로,0,0,0,60,0,0,0,103.6747,
646,1010041400,190,246,1,104,0,-,퇴계로71길,0,0,0,30,0,0,0,269.3463,
258,1010009502,191,178,4,104,0,-,소공로,0,0,0,50,0,0,0,55.0763,
282,71,191,187,4,104,0,-,소공로,0,0,0,50,0,0,0,120.6295,
313,82,191,13,3,104,0,-,을지로,0,0,0,50,0,0,0,120.776,
291,1010011702,192,190,3,104,0,-,퇴계로,0,0,0,60,0,0,0,102.9344,
296,1010011803,192,194,3,104,0,-,퇴계로,0,0,0,60,0,0,0,192.0671,
615,302,192,157,1,104,0,-,다산로35길,0,0,0,10,0,0,0,236.3218,
242,1010008904,193,177,3,104,0,-,통일로,0,0,0,50,0,0,0,87.3317,
249,1010009005,193,201,4,104,0,-,통일로,0,0,0,50,0,0,0,28.6402,
633,1010039900,193,208,1,104,0,-,통일로.통일로4길사이길,0,0,0,30,0,0,0,92.0542,
292,1010011703,194,192,3,104,0,-,퇴계로,0,0,0,60,0,0,0,192.0671,
297,1010011804,194,197,3,104,0,-,퇴계로,0,0,0,60,0,0,0,47.6971,
621,309,194,157,1,104,0,-,퇴계로76길,0,0,0,40,0,0,0,210.1908,
648,1010041600,194,243,1,104,0,-,퇴계로75길,0,0,0,30,0,0,0,186.8836,
243,1010008905,195,193,3,104,0,-,통일로,0,0,0,50,0,0,0,28.6402,
288,1010011502,196,189,3,104,0,-,을지로,0,0,0,50,0,0,0,87.2789,
630,1010039200,196,188,1,104,0,-,퇴계로,0,0,0,50,0,0,0,50.5354,
194,1010006702,197,150,2,104,0,-,다산로,0,0,0,60,0,0,0,256.5446,
293,1010011704,197,194,3,104,0,-,퇴계로,0,0,0,60,0,0,0,47.6971,
321,1010013101,197,206,3,104,0,-,퇴계로,0,0,0,60,0,0,0,310.4983,
387,1010016005,197,198,2,104,0,-,다산로,0,0,0,60,0,0,0,121.5594,
384,1010015906,198,197,2,104,0,-,다산로,0,0,0,60,0,0,0,121.176,
388,1010016006,198,243,2,104,0,-,다산로,0,0,0,60,0,0,0,41.0775,
758,1010047600,198,301,1,104,0,-,다산로46길,0,0,0,40,0,0,0,97.8252,
299,1010011902,199,186,4,104,0,-,장충단로,0,0,0,50,0,0,0,74.3189,
304,1010012003,199,207,4,104,0,-,장충단로,0,0,0,50,0,0,0,22.8866,
636,1010040200,199,226,1,104,0,-,장충단로,0,0,0,10,0,0,0,154.1583,
287,1010011501,200,196,3,104,0,-,을지로,0,0,0,50,0,0,0,67.0538,
331,1010013401,200,216,3,104,0,-,을지로,0,0,0,50,0,0,0,185.3969,
354,1010014602,200,246,2,104,0,-,을지로45길,0,0,0,40,0,0,0,326.9066,
250,1010009006,201,211,4,104,0,-,통일로,0,0,0,50,0,0,420,69.3858,
639,1010040700,201,225,3,103,0,6,새문안로,0,0,0,50,0,0,0,92.1032,
286,1010011402,202,217,3,104,0,-,남대문로,0,0,0,50,0,0,0,64.7667,
643,1010041100,202,215,3,104,0,-,을지로,0,0,0,50,0,0,0,97.1201,
283,1010011301,203,160,3,104,0,-,남대문로,0,0,0,50,0,0,0,199.6088,
322,1010013103,204,-100,3,104,0,-,퇴계로,0,0,0,60,0,0,0,177.5945,
327,1010013204,204,205,3,104,0,-,퇴계로,0,0,0,60,0,0,0,49.8532,
637,1010040500,204,-100,1,104,0,-,퇴계로,0,0,0,30,0,0,0,170.7989,
324,1010013105,205,204,3,104,0,-,퇴계로,0,0,0,60,0,0,0,49.1794,
328,1010013205,205,206,3,104,0,-,퇴계로,0,0,0,60,0,0,0,128.9274,
766,1010048400,205,308,1,104,0,-,퇴계로87길,0,0,0,60,0,0,0,70.7078,
323,1010013104,206,205,3,104,0,-,퇴계로,0,0,0,60,0,0,0,126.3739,
325,1010013201,206,197,3,104,0,-,퇴계로,0,0,0,60,0,0,0,312.0624,
751,1010043700,206,263,1,104,0,-,퇴계로85길,0,0,0,60,0,0,0,298.142,
305,1010012004,207,216,4,104,0,-,장충단로,0,0,0,50,0,0,0,50.1217,
640,1010040800,207,210,3,104,0,-,을지로,0,0,0,50,0,0,0,67.7458,
631,1010039400,208,184,1,104,0,-,통일로4길,0,0,0,30,0,0,0,129.234,
634,1010040000,208,193,1,104,0,-,통일로.통일로4길사이길,0,0,0,30,0,0,0,90.6068,
645,1010041300,208,231,1,104,0,-,통일로4길,0,0,0,30,0,0,0,106.3518,
300,1010011903,209,199,4,104,0,-,장충단로,0,0,0,50,0,0,0,22.8866,
330,1010013302,210,200,3,104,0,-,을지로,0,0,0,50,0,0,0,127.7705,
3,1010000201,211,225,3,103,0,6,새문안로,0,1,0,50,0,0,0,60.9561,
244,1010008906,211,195,3,104,0,-,통일로,0,0,0,50,0,0,420,65.2359,
341,1010014003,212,217,3,104,0,-,을지로,0,0,0,50,0,0,0,68.9089,
641,1010040900,212,203,3,104,0,-,남대문로,0,0,0,50,0,0,0,87.174,
336,1010013901,213,13,3,104,0,-,을지로,0,0,0,50,0,0,0,56.4458,
340,1010014002,213,212,3,104,0,-,을지로,0,0,0,50,0,0,0,194.8692,
658,1010044200,213,269,1,104,0,-,을지로1길,1,0,0,30,0,0,0,330.0811,
361,1010014905,214,216,3,104,0,-,을지로,0,0,0,50,0,0,0,54.7522,
642,1010041000,214,209,4,104,0,-,장충단로,0,0,0,50,0,0,0,68.3349,
347,1010014202,215,219,3,104,0,-,을지로,0,0,0,50,0,0,0,80.0953,
301,1010011904,216,209,4,104,0,-,장충단로,0,0,0,50,0,0,0,50.1217,
329,1010013301,216,210,3,104,0,-,을지로,0,0,0,50,0,0,0,56.5405,
365,1010015005,216,222,3,104,0,-,을지로,0,0,0,50,0,0,0,54.7522,
419,1010017401,216,250,4,104,0,-,장충단로,0,0,0,50,0,0,0,217.7643,
284,1010011302,217,203,3,104,0,-,남대문로,0,0,0,50,0,0,0,64.0876,
338,1010013903,217,220,3,104,0,-,을지로,0,0,0,50,0,0,0,68.9089,
346,1010014201,217,215,3,104,0,-,을지로,0,0,0,50,0,0,0,74.2724,
407,1010017001,217,238,2,104,0,-,남대문로,0,0,0,50,0,0,0,63.8084,
314,1010012701,218,9,3,104,0,-,창경궁로,0,0,0,50,0,0,0,200.941,
343,1010014102,219,223,3,104,0,-,을지로,0,0,0,50,0,0,0,80.0952,
348,1010014203,219,221,3,104,0,-,을지로,0,0,0,50,0,0,0,117.4993,
746,1010043000,219,241,1,104,0,-,삼일대로13길,0,0,0,40,0,0,0,183.8985,
337,1010013902,220,213,3,104,0,-,을지로,0,0,0,50,0,0,0,194.8691,
344,1010014103,221,219,3,104,0,-,을지로,0,0,0,50,0,0,0,117.4993,
349,1010014204,221,224,3,104,0,-,을지로,0,0,0,50,0,0,0,158.2851,
654,1010042200,221,241,1,104,0,-,을지로7길,0,0,0,30,0,0,0,75.4277,
756,1010047400,221,297,1,104,0,-,명동11길,0,0,0,50,0,0,0,88.8962,
364,1010015004,222,226,3,104,0,-,을지로,0,0,0,50,0,0,0,42.395,
342,1010014101,223,217,3,104,0,-,을지로,0,0,0,50,0,0,0,74.2724,
651,1010041900,223,238,2,104,0,-,남대문로,0,0,0,50,0,0,0,89.607,
308,1010012301,224,181,2,104,0,-,삼일대로,0,0,0,50,0,0,0,91.005,
345,1010014104,224,221,3,104,0,-,을지로,0,0,0,50,0,0,0,158.2851,
351,94,224,227,3,104,0,-,을지로,0,0,0,50,0,0,0,195.6253,
399,1010016601,224,237,3,104,0,-,삼일대로,0,0,0,50,0,0,0,74.8128,
4,1010000202,225,231,3,103,0,6,새문안로,0,1,0,50,0,0,0,25.2683,
360,1010014904,226,214,3,104,0,-,을지로,0,0,0,50,0,0,0,42.3949,
363,1010015003,226,234,3,104,0,-,을지로,0,0,0,50,0,0,0,208.5335,
635,1010040100,226,199,1,104,0,-,장충단로,0,0,0,10,0,0,0,174.4438,
752,1010043800,226,254,1,104,0,-,을지로43길,0,0,0,10,0,0,0,216.1852,
317,1010012901,227,11,1,104,0,-,수표로,0,0,0,30,0,0,0,43.114,
350,93,227,224,3,104,0,-,을지로,0,0,0,50,0,0,0,195.6253,
357,97,227,230,3,104,0,-,을지로,0,0,0,50,0,0,0,254.2656,
755,1010044100,227,257,1,104,0,-,수표로,0,0,0,30,0,0,0,196.5999,
0,1010000101,228,211,3,103,0,6,새문안로,0,1,0,50,0,0,0,61.6348,
414,1010017301,229,216,4,104,0,-,장충단로,0,0,0,50,0,0,0,72.2043,
650,1010041800,229,222,3,104,0,-,을지로,0,0,0,50,0,0,0,89.2802,
306,78,230,172,3,104,0,-,충무로,1,0,0,50,0,0,0,224.0214,
356,1010014700,230,227,3,104,0,-,을지로,0,0,0,50,0,0,0,254.2656,
377,1010015801,230,232,3,104,0,-,을지로,0,0,0,50,0,0,0,260.059,
403,117,230,260,3,104,0,-,충무로,0,0,0,50,0,0,0,206.0884,
1,1010000102,231,228,3,103,0,6,새문안로,0,1,0,50,0,0,0,25.2683,
5,1010000203,231,249,3,103,0,6,새문안로,0,1,0,50,0,0,0,146.8574,
644,1010041200,231,208,1,104,0,-,통일로4길,0,0,0,30,0,0,0,105.9437,
374,1010015701,232,230,3,104,0,-,을지로,0,0,0,50,0,0,0,260.059,
378,1010015802,232,233,3,104,0,-,을지로,0,0,0,50,0,0,0,169.7177,
379,1010015803,233,235,3,104,0,-,을지로,0,0,0,50,0,0,0,57.014,
653,1010042100,233,218,3,104,0,-,을지로,0,0,0,50,0,0,0,73.1514,
359,1010014903,234,226,3,104,0,-,을지로,0,0,0,50,0,0,0,208.5334,
362,1010015002,234,245,3,104,0,-,을지로,0,0,0,50,0,0,0,198.4704,
668,1010045500,234,258,1,104,0,-,을지로39길,0,0,0,30,0,0,0,360.4842,
315,1010012702,235,218,3,104,0,-,창경궁로,0,0,0,50,0,0,0,57.2511,
376,1010015703,235,236,3,104,0,-,을지로,0,0,0,50,0,0,0,52.6135,
392,1010016201,235,240,3,104,0,-,을지로,0,0,0,50,0,0,0,204.7773,
413,1010017201,235,248,6,104,0,-,창경궁로,1,0,0,50,0,0,0,52.0102,
375,1010015702,236,232,3,104,0,-,을지로,0,0,0,50,0,0,0,174.1182,
396,1010016501,237,224,2,104,0,-,삼일대로,0,0,0,50,0,0,0,74.8129,
400,1010016602,237,256,3,104,0,-,삼일대로,0,0,0,50,0,0,0,128.3109,
657,1010042900,237,241,1,104,0,-,삼일대로13길,0,0,0,30,0,0,0,161.3353,
408,1010017002,238,265,2,104,0,-,남대문로,0,0,0,50,0,0,0,233.6421,
389,1010016101,239,235,3,104,0,-,을지로,0,0,0,50,0,0,0,57.6603,
749,1010043300,239,248,1,104,0,-,을지로,0,0,0,50,0,0,0,69.6731,
390,1010016102,240,239,3,104,0,-,을지로,0,0,0,50,0,0,0,147.1374,
393,1010016202,240,245,3,104,0,-,을지로,0,0,0,50,0,0,0,161.7262,
664,1010045000,240,264,1,104,0,-,을지로35길,0,0,0,30,0,0,0,250.4278,
655,1010042300,241,221,1,104,0,-,을지로7길,0,0,0,30,0,0,0,75.4278,
656,1010042800,241,237,1,104,0,-,삼일대로13길,0,0,0,30,0,0,0,161.3353,
660,1010044600,241,259,1,104,0,-,을지로7길,0,0,0,30,0,0,0,152.8068,
747,1010043100,241,219,1,104,0,-,삼일대로13길,0,0,0,40,0,0,0,203.6056,
404,1010016901,242,217,3,104,0,-,남대문로,0,0,0,50,0,0,0,63.7897,
652,1010042000,242,220,3,104,0,-,을지로,0,0,0,50,0,0,0,90.9251,
382,1010015905,243,198,2,104,0,-,다산로,0,0,0,60,0,0,0,41.0775,
385,1010016003,243,244,2,104,0,-,다산로,0,0,0,60,0,0,0,40.0267,
649,1010041700,243,194,1,104,0,-,퇴계로75길,0,0,0,30,0,0,0,201.297,
381,1010015904,244,243,2,104,0,-,다산로,0,0,0,60,0,0,0,39.1828,
386,1010016004,244,255,2,104,0,-,다산로,0,0,0,60,0,0,0,92.0554,
698,1010050000,244,300,1,104,0,-,다산로48길,0,0,0,30,0,0,0,69.3729,
332,1010013501,245,182,3,104,0,-,동호로,0,0,0,50,0,0,0,248.1255,
358,1010014902,245,234,3,104,0,-,을지로,0,0,0,50,0,0,0,195.0522,
391,1010016103,245,240,3,104,0,-,을지로,0,0,0,50,0,0,0,162.1289,
438,1010018402,245,264,4,104,0,-,동호로,0,0,0,50,0,0,0,171.7687,
352,1010014502,246,200,2,104,0,-,을지로45길,0,0,0,40,0,0,0,323.9325,
355,1010014603,246,251,2,104,0,-,을지로45길,0,0,0,40,0,0,0,101.8189,
647,1010041500,246,190,1,104,0,-,퇴계로71길,1,0,0,30,0,0,0,265.0659,
410,1010017101,247,235,3,104,0,-,창경궁로,0,0,0,50,0,0,0,49.0573,
748,1010043200,247,236,3,104,0,-,을지로,0,0,0,50,0,0,0,63.5579,
271,1010017202,248,266,3,104,0,-,창경궁로,1,0,0,50,0,0,0,177.5432,
2,1010000103,249,231,3,103,0,6,새문안로,0,1,0,50,0,0,0,146.8575,
48,1010000204,249,262,3,103,0,6,새문안로,0,1,0,50,0,0,0,115.0597,
415,1010017302,250,229,4,104,0,-,장충단로,0,0,0,50,0,0,0,148.2079,
420,1010017402,250,267,4,104,0,-,장충단로,0,0,0,50,0,0,0,135.2562,
663,1010044900,250,254,2,104,0,-,장충단로13길,0,0,0,30,0,0,0,109.2792,
353,1010014503,251,246,2,104,0,-,을지로45길,0,0,0,40,0,0,0,90.719,
432,128,251,255,2,104,0,-,마장로,0,0,0,40,0,0,0,307.7956,
445,136,251,253,2,104,0,-,마장로,0,0,0,40,0,0,0,144.7691,
451,1010019001,251,252,1,104,0,-,마장로1길,0,0,0,40,0,0,0,60.4172,
450,1010018902,252,251,1,104,0,-,마장로1길,0,0,0,40,0,0,0,64.5997,
452,1010019002,252,16,1,104,0,-,마장로1길,0,0,0,40,0,0,0,134.7025,
692,1010049400,252,298,1,104,0,-,마장로1가길,0,0,0,40,0,0,0,206.1368,
446,1010018702,253,267,2,104,0,-,마장로,0,0,0,40,0,0,0,132.7612,
448,1010018802,253,251,2,104,0,-,마장로,0,0,0,40,0,0,0,151.5002,
696,1010049800,253,299,1,104,0,-,-,0,0,0,10,0,0,0,84.2708,
662,1010044800,254,250,2,104,0,-,장충단로13길,1,0,0,30,0,0,0,108.1495,
667,1010045400,254,258,1,104,0,-,장충단로13길,0,0,0,30,0,0,0,45.5798,도로명없음
753,1010043900,254,226,1,104,0,-,을지로43길,1,0,0,10,0,0,0,220.6253,
380,1010015903,255,244,2,104,0,-,다산로,0,0,0,60,0,0,0,92.4958,
431,127,255,251,2,104,0,-,마장로,0,0,0,40,0,0,0,310.6709,
441,1010018501,255,263,1,104,0,-,마장로,0,0,0,40,0,0,0,324.1608,
455,1010019201,255,278,3,104,0,-,다산로,0,0,0,60,0,0,0,182.8112,
397,1010016502,256,237,2,104,0,-,삼일대로,0,0,0,50,0,0,0,128.3109,
401,1010016603,256,261,3,104,3,-,삼일대로,0,0,0,50,0,0,0,33.2749,
754,1010044000,257,227,1,104,0,-,수표로,0,0,0,30,0,0,0,197.1623,
666,1010045300,258,254,1,104,0,-,장충단로13길,1,0,0,30,0,0,0,45.5797,
669,1010045600,258,234,2,104,0,-,을지로39길,0,0,0,30,0,0,0,376.604,
672,1010046100,258,267,1,104,0,-,장충단로.장충단로13길,0,0,0,30,0,0,0,363.9125,
661,1010044700,259,241,1,104,0,-,을지로7길,0,0,0,30,0,0,0,161.2964,
402,116,260,230,3,104,0,-,충무로,1,0,0,50,0,0,0,205.3004,
398,1010016504,261,256,2,104,3,-,삼일대로,0,0,0,50,0,0,0,33.2748,
47,1010000104,262,249,3,103,0,6,새문안로,0,1,0,50,0,0,0,115.8679,
366,100,262,12,1,104,0,-,정동길,0,0,0,30,0,0,0,518.2579,
442,1010018502,263,-100,1,104,0,-,마장로,0,0,0,40,0,0,0,345.6532,
443,1010018601,263,255,1,104,0,-,마장로,0,0,0,40,0,0,0,324.1011,
675,1010046400,263,283,1,104,0,-,마장로9길,0,0,0,30,0,0,0,299.312,
750,1010043600,263,206,1,104,0,-,퇴계로85길,0,0,0,60,0,0,0,298.223,
435,1010018302,264,245,3,104,0,-,동호로,0,0,0,50,0,0,0,171.7687,
439,1010018403,264,276,4,104,0,-,동호로,0,0,0,50,0,0,0,119.2319,
665,1010045100,264,240,1,104,0,-,을지로35길,1,0,0,30,0,0,0,266.1809,
405,1010016902,265,242,3,104,0,-,남대문로,0,0,0,50,0,0,0,233.642,
409,1010017003,265,268,3,104,3,-,우정국로,0,0,0,50,0,0,0,34.7519,
383,1010017203,266,270,4,104,3,-,창경궁로,1,0,0,50,0,0,0,33.1407,
411,1010017102,266,247,3,104,0,-,창경궁로,0,0,0,50,0,0,0,180.4962,
416,1010017303,267,250,4,104,0,-,장충단로,0,0,0,50,0,0,0,134.4101,
421,1010017405,267,277,4,104,0,-,장충단로,0,0,0,50,0,0,0,89.8978,
447,1010018801,267,253,2,104,0,-,마장로,0,0,0,40,0,0,0,133.8981,
673,1010046200,267,258,1,104,0,-,장충단로,1,0,0,30,0,0,0,397.1346,
406,1010016903,268,265,3,104,3,-,우정국로,0,0,0,50,0,0,0,34.7518,
659,1010044300,269,213,1,104,0,-,을지로1길,0,0,0,30,0,0,0,331.2201,
412,1010017103,270,266,4,104,3,-,창경궁로,0,0,0,50,0,0,0,33.1407,
423,1010017501,271,14,2,104,0,-,무교로,1,0,0,30,0,0,0,222.2014,
426,1010017602,271,273,2,104,3,-,무교로,0,0,0,40,0,0,0,32.8108,
424,1010017502,273,271,2,104,3,-,무교로,1,0,0,40,0,0,0,32.8108,
427,1010017701,274,12,1,104,0,-,덕수궁길,1,0,0,30,0,0,0,487.7575,
430,1010017802,274,-100,1,104,0,-,덕수궁길,0,0,0,30,0,0,0,81.117,
670,1010045900,274,275,2,104,0,-,새문안로2길,0,0,0,30,0,0,0,127.17,
671,1010046000,275,274,2,104,0,-,새문안로2길,0,0,0,30,0,0,0,126.6219,
436,1010018303,276,264,3,104,0,-,동호로,0,0,0,50,0,0,0,119.2319,
440,1010018404,276,280,4,104,3,-,동호로,0,0,0,50,0,0,0,35.8267,
417,1010017304,277,267,4,104,0,-,장충단로,0,0,0,50,0,0,0,86.8289,
422,1010017406,277,281,3,104,3,-,율곡로,0,0,0,50,0,0,0,35.0698,
453,1010019101,278,255,3,104,0,-,다산로,0,0,0,60,0,0,0,182.8111,
456,1010019202,278,282,3,104,3,-,지봉로,0,0,0,60,0,0,0,39.3628,
466,1010019801,278,283,2,104,0,-,청계천로,0,0,0,30,0,0,0,318.9793,
437,1010018304,280,276,3,104,3,-,동호로,0,0,0,50,0,0,0,35.8267,
418,1010017305,281,277,3,104,3,-,율곡로,0,0,0,50,0,0,0,35.0699,
454,1010019102,282,278,3,104,3,-,지봉로,0,0,0,60,0,0,0,39.3628,
674,1010046300,283,263,1,104,0,-,마장로9길,0,0,0,30,0,0,0,291.4414,
677,1010046600,283,284,1,104,0,-,종로58길,0,0,0,60,0,0,0,37.9444,
462,1010019701,284,282,1,104,0,-,청계천로,0,0,0,30,0,0,0,298.6785,
676,1010046500,284,283,1,104,0,-,종로58길,0,0,0,60,0,0,0,37.9445,
467,1010019803,285,-100,1,104,0,-,청계천로,0,0,0,30,0,0,0,53.4922,
678,1010046700,285,-100,1,104,0,-,난계로,0,0,0,60,0,0,0,78.1046,
476,178,286,41,1,104,0,-,청파로,0,0,104,40,0,0,0,231.2831,
34,1010004402,287,107,4,104,0,-,통일로,0,0,0,40,0,0,0,15.1615,
558,1010030800,287,120,2,104,0,-,통일로2길,0,0,0,30,0,0,0,110.7366,
17,1010007408,288,140,3,104,0,-,서소문로,0,0,0,50,0,0,0,32.0113,
581,268,288,121,1,104,0,-,세종대로7길,0,0,0,30,0,0,0,133.8988,
98,1010002604,290,38,3,104,0,-,퇴계로,0,0,0,50,0,0,0,187.5301,
727,1010053600,290,7,3,104,0,-,한강대로,0,0,0,50,0,0,0,209.7385,
94,1010002506,291,38,3,104,0,-,퇴계로,0,0,0,50,0,0,0,50.3546,
100,1010002606,291,45,3,104,0,-,퇴계로,0,0,0,50,0,0,0,124.1115,
433,129,292,15,6,104,0,-,세종대로,0,0,0,50,0,0,0,218.4182,
541,1010029202,293,103,1,104,0,-,남대문시장길,0,0,0,50,0,0,0,143.9806,
549,1010030001,293,75,2,104,0,-,남대문시장10길,0,0,0,50,0,0,0,132.0587,
681,1010047000,294,295,1,104,0,-,-,0,0,0,30,0,0,0,92.2105,
680,1010046900,295,294,1,104,0,-,-,0,0,0,30,0,0,0,92.6434,
687,1010048900,295,155,1,104,0,-,서소문로9길,0,0,0,30,0,0,0,85.8561,도로명없음
689,1010049100,295,136,1,104,0,-,서소문로9길,0,0,0,30,0,0,0,52.7304,도로명없음
685,1010048500,296,126,1,104,0,-,세종대로,0,0,0,40,0,0,0,73.3151,
682,1010047100,297,161,1,104,0,-,명동11길,0,0,0,50,0,0,0,144.4434,
684,1010047300,297,221,1,104,0,-,명동11길,0,0,0,50,0,0,0,97.3941,
691,1010049300,298,252,1,104,0,-,마장로1가길,0,0,0,40,0,0,0,190.6949,
695,1010049700,299,253,1,104,0,-,-,0,0,0,10,0,0,0,84.2708,
697,1010049900,300,244,1,104,0,-,다산로48길,0,0,0,30,0,0,0,69.3729,
757,1010047500,301,198,1,104,0,-,다산로46길,0,0,0,40,0,0,0,97.8252,도로명없음
693,1010049500,302,54,1,104,0,-,다산로34길,0,0,0,30,0,0,0,121.2173,
760,1010047800,302,303,1,104,0,-,다산로32길,0,0,0,30,0,0,0,131.5861,
759,1010047700,303,302,1,104,0,-,다산로32길,0,0,0,30,0,0,0,155.9676,
761,1010047900,303,55,1,104,0,-,청구로4길,0,0,0,30,0,0,0,132.4975,
763,1010048100,304,56,1,104,0,-,청구로1길,0,0,0,40,0,0,0,129.3991,
700,1010050300,305,24,2,104,0,-,동호로10길,0,0,0,30,0,0,0,198.4475,
702,1010050500,306,25,1,104,0,-,다산로10길,0,0,0,30,0,0,0,90.3129,
705,1010050800,306,307,1,104,0,-,동호로7길,0,0,0,30,0,0,0,200.6721,
704,1010050700,307,306,1,104,0,-,동호로7길,0,0,0,30,0,0,0,196.1256,
765,1010048300,308,205,1,104,0,-,퇴계로87길,0,0,0,60,0,0,0,60.7054,
85,1010002201,309,43,3,104,0,-,청파로,0,0,0,60,0,0,0,84.2368,
